SKU Code,Design No.,Stock,Category,Size,Color
AN201-RED-XL,AN201,6.0,AN : LEGGINGS,XL,Red
AN211-BLACK-S,AN211,7.0,AN : LEGGINGS,S,Black
AN212-WHITE-L,AN212,11.0,AN : LEGGINGS,L,White
BL016-63RED,BL016,24.0,BLOUSE,FREE,Red
#REF!,BL019,0.0,BLOUSE,FREE,Pink
#REF!,BL022,0.0,BLOUSE,FREE,Beige
BL026-74BEIGE,BL026,98.0,BLOUSE,FREE,Beige
BL050-83RED,BL050,63.0,BLOUSE,FREE,Red
BL075-85CHIKU,BL075,7.0,BLOUSE,FREE,Chiku
BL085-S,BL085,12.0,BLOUSE,S,Orange
BL107-XL,BL107,3.0,BLOUSE,XL,White
BTM003-XS,BTM003,40.0,PANT,XS,Maroon
BTM008-L,BTM008,6.0,PANT,L,Grey
BTM008-XL,BTM008,10.0,PANT,XL,Grey
BTM008-XXXL,BTM008,15.0,PANT,XXXL,Grey
BTM031-NP-XL,BTM031,13.0,PANT,XL,Brown
BTM040-PP-XL,BTM040,3.0,PALAZZO,XL,Brown
BTM044-PP-XXXL,BTM044,5.0,PALAZZO,XXXL,Maroon
BTM046-PP-S,BTM046,29.0,PALAZZO,S,Navy Blue
BTM053-SHA-XXL,BTM053,39.0,SHARARA,XXL,Red
CH202-ORANGE-S,CH202,7.0,AN : LEGGINGS,S,Orange
CH210-NAVY-L,CH210,2.0,AN : LEGGINGS,L,Navy Blue
J0004-SKD-M,J0004,61.0,KURTA SET,M,Grey
J0008-SKD-S,J0008,171.0,KURTA SET,S,Mustard
J0016-DR-XS,J0016,2.0,DRESS,XS,Mustard
J0021-TP-XXXL,J0021,1.0,TOP,XXXL,Red
J0024-KR-S,J0024,176.0,KURTA,S,Sea Green
J0026-KR-S,J0026,0.0,KURTA,S,Turquoise Green
J0026-KR-XXL,J0026,1.0,KURTA,XXL,Turquoise Green
J0027-SET-L,J0027,0.0,SET,L,Turquoise Green
J0029-KR-XXL,J0029,0.0,KURTA,XXL,Pink
J0046-TP-XXXL,J0046,1.0,TOP,XXXL,Grey
J0077-SKD-L,J0077,3.0,KURTA SET,L,Blue
J0086-DR-XXL,J0086,1.0,DRESS,XXL,Light Green
J0089-TP-XL,J0089,4.0,CROP TOP,XL,Pink
J0093-DR-S,J0093,0.0,DRESS,S,Blue
J0093-DR-XXL,J0093,0.0,DRESS,XXL,Blue
J0096-KR-XXL,J0096,90.0,KURTA,XXL,Blue
J0103-SKD-S,J0103,50.0,KURTA SET,S,Yellow
J0108-SKD-XXXL,J0108,4.0,KURTA SET,XXXL,Light Green
J0114-TP-L,J0114,1.0,TOP,L,Pink
J0119-TP-XS,J0119,34.0,TOP,XS,Mustard
J0129-SET-XL,J0129,1.0,KURTA SET,XL,Pink
J0132-KR-XL,J0132,1.0,KURTA,XL,Orange
J0133-KR-XXXL,J0133,3.0,KURTA,XXXL,Maroon
J0141-KR-XL,J0141,1.0,KURTA,XL,Blue
J0142-KR-L,J0142,2.0,KURTA,L,Orange
J0148-SET-XXL,J0148,7.0,KURTA SET,XXL,Green
J0153-DR-XXXL,J0153,3.0,DRESS,XXXL,Green
J0166-DR-XL,J0166,3.0,DRESS,XL,Pink
J0169-KR-XXXL,J0169,1.0,KURTA,XXXL,Multicolor
J0170-TP-M,J0170,1.0,TOP,M,Blue
J0173-DR-S,J0173,29.0,DRESS,S,Red
J0173-DR-XL,J0173,2.0,DRESS,XL,Red
J0175-KR-S,J0175,32.0,KURTA,S,Maroon
J0177-KR-XXXL,J0177,2.0,KURTA,XXXL,Green
J0195-TP-XS,J0195,11.0,TOP,XS,Maroon
J0196-TP-S,J0196,5.0,TOP,S,Green
J0207-DR-M,J0207,20.0,DRESS,M,Olive
J0216-BL-XXL,J0216,17.0,BLOUSE,XXL,Green
J0231-SKD-L,J0231,16.0,KURTA SET,L,Green
J0246-SKD-XXL,J0246,36.0,KURTA SET,XXL,OFF WHITE
J0252-SKD-S,J0252,2.0,KURTA SET,S,Orange
J0262-KR-M,J0262,0.0,KURTA,M,Grey
J0263-KR-XL,J0263,2.0,KURTA,XL,Maroon
J0278-SET-L,J0278,1.0,KURTA SET,L,Peach
J0278-SET-XL,J0278,1.0,KURTA SET,XL,Peach
J0285-SKD-L,J0285,80.0,KURTA SET,L,Grey
J0285-SKD-M,J0285,79.0,KURTA SET,M,Grey
J0287-KR-S,J0287,1.0,KURTA,S,Black
J0288-KR-M,J0288,3.0,KURTA,M,Grey
J0298-DR-XXXL,J0298,2.0,KURTA,XXXL,Multicolor
J0334-TP-XS,J0334,44.0,TOP,XS,Orange
J0340-TP-L,J0340,86.0,TOP,L,Green
J0352-KR-M,J0352,54.0,KURTA,M,Green
J0372-SKD-L,J0372,31.0,KURTA SET,L,Mustard
J0376-SKD-S,J0376,7.0,KURTA,S,Pink
J0378-SKD-L,J0378,1.0,SET,L,Green
J0378-SKD-XXXL,J0378,2.0,SET,XXXL,Green
J0389-TP-L,J0389,27.0,TOP,L,Teal
J0397-DR-XXL,J0397,16.0,DRESS,XXL,Red
J0399-DR-XS,J0399,0.0,DRESS,XS,Rust
J0418-TP-M,J0418,3.0,TOP,M,Yellow
J0418-TP-XS,J0418,2.0,TOP,XS,Yellow
J0420-TP-XXL,J0420,32.0,TOP,XXL,Pink
J0420-TP-XXXL,J0420,31.0,TOP,XXXL,Pink
J0429-DR-XXL,J0429,72.0,DRESS,XXL,Peach
JAN8606-TP-M,JAN8606,5.0,TOP,M,Red
JAN8610-KR-NP-S,JAN8610,4.0,SET,S,Green
JAN8618-DR-XL,JAN8618,7.0,DRESS,XL,Blue
JAN8618-DR-XXL,JAN8618,1.0,DRESS,XXL,Blue
JAN8622-KR-NP-XXL,JAN8622,0.0,SET,XXL,Turquoise Green
JAN8632-KR-NP-XL,JAN8632,37.0,SET,XL,TEAL BLUE
JAN8633-KR-NP-XL,JAN8633,26.0,SET,XL,Maroon
JAN8669-DR-XXL,JAN8669,1.0,DRESS,XXL,LIGHT YELLOW
JNE1233-BLUE-KR-031-XXXL,JNE1233,75.0,KURTA,XXXL,Blue
JNE2101-KR-210-XS,JNE2101,1.0,KURTA,XS,Red
JNE2131-KR-A-XL,JNE2131,6.0,KURTA,XL,Multicolor
JNE2170-KR-436-XXXL,JNE2170,3.0,KURTA,XXXL,Black
JNE2199-KR-411-XXL,JNE2199,55.0,KURTA,XXL,Pink
JNE2265-KR-501-XS,JNE2265,26.0,KURTA,XS,Purple
JNE2265-KR-501-XXXL,JNE2265,1.0,KURTA,XXXL,Purple
JNE3042-KR-XXL,JNE3042,5.0,KURTA,XXL,Grey
JNE3256-KR-XL,JNE3256,87.0,KURTA,XL,Blue
JNE3257-KR-XL,JNE3257,12.0,KURTA,XL,Magenta
JNE3313-KR-XL,JNE3313,20.0,KURTA,XL,Black
JNE3334-KR-L,JNE3334,6.0,KURTA,L,Black
JNE3336-KR-XXXL,JNE3336,2.0,KURTA,XXXL,Sky Blue
JNE3338-KR-M,JNE3338,13.0,KURTA,M,Grey
JNE3356-KR-XL,JNE3356,49.0,KURTA,XL,Yellow
JNE3357-KR-M,JNE3357,26.0,KURTA,M,Yellow
JNE3366-KR-1053-S,JNE3366,181.0,KURTA,S,Peach
JNE3391-KR-S,JNE3391,6.0,KURTA,S,Pink
JNE3399-KR-XXXL,JNE3399,19.0,KURTA,XXXL,Turquoise Blue
JNE3407-KR-XXL,JNE3407,2.0,KURTA,XXL,Olive Green
JNE3417-KR-XXL,JNE3417,21.0,KURTA,XXL,Red
JNE3423-KR-XXXL,JNE3423,0.0,KURTA,XXXL,Black
JNE3428-KR-XS,JNE3428,2.0,KURTA,XS,Dark Blue
JNE3428-KR-XXL,JNE3428,2.0,KURTA,XXL,Dark Blue
JNE3441-KR-S,JNE3441,53.0,KURTA,S,Pink
JNE3443-KR-XS,JNE3443,4.0,KURTA,XS,Beige
JNE3451-KR-XXL,JNE3451,40.0,KURTA,XXL,Light Pink
JNE3462-KR-XXXL,JNE3462,1.0,KURTA,XXXL,Mustard
JNE3477-KR-L,JNE3477,8.0,KURTA,L,Peach
JNE3479-KR-XS,JNE3479,4.0,KURTA,XS,Black
JNE3480-KR-S,JNE3480,7.0,KURTA,S,Pink
JNE3487-KR-XXL,JNE3487,13.0,KURTA,XXL,Peach
JNE3501-KR-XXL,JNE3501,20.0,KURTA,XXL,Pink
JNE3510-KR-S,JNE3510,2.0,KURTA,S,Grey
JNE3520-KR-S,JNE3520,61.0,KURTA,S,Mustard
JNE3523-KR-XXXL,JNE3523,0.0,KURTA,XXXL,Navy Blue
JNE3541-KR-S,JNE3541,1.0,KURTA,S,Maroon
JNE3558-KR-XL,JNE3558,2.0,KURTA,XL,Pink
JNE3573-KR-XL,JNE3573,2.0,KURTA,XL,Grey
JNE3576-KR-L,JNE3576,56.0,KURTA,L,Black
JNE3607-KR-XS,JNE3607,244.0,KURTA,XS,Maroon
JNE3613-KR-XL,JNE3613,593.0,KURTA,XL,Teal
JNE3615-KR-S,JNE3615,68.0,KURTA,S,Navy Blue
JNE3620-KR-XXL,JNE3620,2.0,KURTA,XXL,Magenta
JNE3621-KR-XXL,JNE3621,5.0,KURTA,XXL,OFF WHITE
JNE3626-KR-L,JNE3626,1.0,KURTA,L,Black
JNE3638-KR-XXXL,JNE3638,29.0,KURTA,XXXL,Orange
JNE3639-TP-L,JNE3639,30.0,TOP,L,Maroon
JNE3642-TP-M,JNE3642,0.0,TOP,M,Peach
JNE3657-TP-S,JNE3657,0.0,TOP,S,Black
JNE3660-TP-S,JNE3660,17.0,TOP,S,Sky Blue
JNE3661-TP-XS,JNE3661,2.0,TOP,XS,Pink
JNE3662-TP-XS,JNE3662,6.0,TOP,XS,Peach
JNE3665-TP-L,JNE3665,43.0,TOP,L,Grey
JNE3673-TU-XXL,JNE3673,2.0,TOP,XXL,Mustard
JNE3683-TU-XS,JNE3683,7.0,TUNIC,XS,Pink
JNE3684-TU-S,JNE3684,5.0,TUNIC,S,Red
JNE3704-KR-S,JNE3704,4.0,KURTA,S,Brown
JNE3704-KR-XS,JNE3704,19.0,KURTA,XS,Brown
JNE3707-DR-XL,JNE3707,19.0,DRESS,XL,Cream
JNE3707-DR-XS,JNE3707,40.0,DRESS,XS,Cream
JNE3714-KR-S,JNE3714,10.0,KURTA,S,TEAL GREEN
JNE3720-KR-S,JNE3720,197.0,KURTA,S,Navy Blue
JNE3727-KR-XXXL,JNE3727,36.0,KURTA,XXXL,Blue
JNE3744-TU-M,JNE3744,70.0,TUNIC,M,Navy Blue
JNE3749-KR-M,JNE3749,2.0,KURTA,M,Blue
JNE3758-KR-M,JNE3758,49.0,KURTA,M,Maroon
JNE3758-KR-XL,JNE3758,82.0,KURTA,XL,Maroon
JNE3761-KR-L,JNE3761,104.0,KURTA,L,Olive Green
JNE3776-KR-XL,JNE3776,4.0,KURTA,XL,Green
JNE3776-KR-XXL,JNE3776,8.0,KURTA,XXL,Green
JNE3786-KR-XXL,JNE3786,19.0,KURTA,XXL,Black
JNE3795-KR-XL,JNE3795,180.0,KURTA,XL,Blue
JNE3796-KR-M,JNE3796,5.0,KURTA,M,Peach
JNE3807-KR-XS,JNE3807,5.0,KURTA,XS,Beige
JNE3818-KR-XL,JNE3818,3.0,KURTA,XL,Orange
JNE3819-KR-S,JNE3819,11.0,KURTA,S,Blue
JNE3826-KR-S,JNE3826,22.0,KURTA,S,Black
JNE3843-KR-XL,JNE3843,10.0,KURTA,XL,Green
JNE3847-KR-L,JNE3847,2.0,KURTA,L,Teal Green
JNE3850-KR-XL,JNE3850,1.0,KURTA,XL,Green
JNE3857-KR-S,JNE3857,1.0,KURTA,S,Maroon
JNE3864-TU-S,JNE3864,42.0,TUNIC,S,Blue
JNE3875-KR-L,JNE3875,90.0,KURTA,L,Green
JNE3880-DR-XS,JNE3880,49.0,DRESS,XS,Peach
JNE3885-KR-M,JNE3885,61.0,KURTA,M,Cream
JNE3887-KR-M,JNE3887,16.0,KURTA,M,White
JNE3897-KR-XXL,JNE3897,30.0,KURTA,XXL,Rust
JNE3907-KR-M,JNE3907,69.0,KURTA,M,Navy Blue
MEN5001-KR-XXXL,MEN5001,1.0,KURTA,XXXL,Blue
MEN5012-KR-L,MEN5012,58.0,KURTA,L,Blue
MEN5015-KR-L,MEN5015,11.0,KURTA,L,Pink
NW006-ST-SR-S,NW006,13.0,NIGHT WEAR,S,Beige
NW013-ST-SR-M,NW013,12.0,NIGHT WEAR,M,Turquoise
NW020-ST-SR-S,NW020,3.0,NIGHT WEAR,S,Peach
NW023-ST-SR-XXXL,NW023,29.0,NIGHT WEAR,XXXL,Blue
NW031-TP-PJ-XXXL,NW031,2.0,NIGHT WEAR,XXXL,Cream
NW032-ST-CP-XL,NW032,24.0,NIGHT WEAR,XL,White
NW032-ST-CP-XXXL,NW032,7.0,NIGHT WEAR,XXXL,White
NW035-ST-CP-L,NW035,14.0,NIGHT WEAR,L,Grey
PJNE2100-KR-6XL,PJNE2100,104.0,KURTA,6XL,Teal
PJNE3399-KR-4XL,PJNE3399,12.0,KURTA,4XL,Turquoise Blue
PJNE3568-KR-6XL,PJNE3568,4.0,KURTA,6XL,Yellow
SAR047,SAR047,32.0,SAREE,FREE,Mustard
SAR051,SAR051,46.0,SAREE,FREE,Black
SAR071,SAR071,6.0,SAREE,FREE,Green
SET004-KR-SP-L,SET004,2.0,KURTA SET,L,Grey
SET004-KR-SP-S,SET004,19.0,KURTA SET,S,Grey
SET034-KR-NP-XXXL,SET034,1.0,KURTA SET,XXXL,Pink
SET048-KR-NP-XXXL,SET048,1.0,KURTA SET,XXXL,Dark Green
SET058-KR-NP-XXL,SET058,33.0,KURTA SET,XXL,Teal
SET062-KR-SP-S,SET062,3.0,KURTA SET,S,Black
SET073-KR-SHA-M,SET073,250.0,KURTA SET,M,Dark Green
SET078-KR-NP-XXXL,SET078,0.0,SET,XXXL,Multicolor
SET152-KR-NP-XL,SET152,0.0,SET,XL,Orange
SET153-KR-NP-XXXL,SET153,0.0,SET,XXXL,Black
SET179-KR-PP-S,SET179,0.0,KURTA SET,S,White
SET214-KR-DPT-XXL,SET214,3.0,KURTA SET,XXL,Mustard
SET219-KR-PP-XXXL,SET219,2.0,KURTA SET,XXXL,Turquoise Green
SET225-KR-NP-XL,SET225,14.0,KURTA,XL,Mustard
SET240-KR-PP-XL,SET240,27.0,KURTA SET,XL,Yellow
SET247-KR-SHA-XL,SET247,3.0,KURTA SET,XL,Teal
SET257-KR-PP-S,SET257,5.0,SET,S,Beige
SET264-KR-NP-L,SET264,76.0,KURTA SET,L,Gold
SET286-KR-NP-S,SET286,33.0,SET,S,Maroon
SET295-KR-NP-XS,SET295,4.0,KURTA SET,XS,Black
SET295-KR-NP-XXL,SET295,2.0,KURTA SET,XXL,Black
SET307-KR-DPT-XS,SET307,37.0,KURTA SET,XS,Grey
SET307-KR-DPT-XXXL,SET307,29.0,KURTA SET,XXXL,Grey
SET308-KR-PP-L,SET308,48.0,KURTA SET,L,Grey
SET313-KR-NP-L,SET313,33.0,SET,L,White
SET319-KR-NP-XXXL,SET319,10.0,KURTA SET,XXXL,Pink
SET322-KR-SHA-XXXL,SET322,11.0,SET,XXXL,Maroon
SET324-KR-NP-M,SET324,8.0,KURTA SET,M,Peach
SET335-KR-NP-XXXL,SET335,49.0,SET,XXXL,Black
SET341-KR-NP-XXL,SET341,7.0,SET,XXL,Multicolor
SET343-KR-NP-S,SET343,45.0,SET,S,OFF WHITE
SET344-KR-NP-S,SET344,17.0,SET,S,Red
SET355-KR-PP-XL,SET355,3.0,SET,XL,Light Green
SET361-KR-NP-XS,SET361,6.0,SET,XS,White
SET364-KR-NP-XL,SET364,2.0,SET,XL,Yellow
SET372-KR-PP-XXXL,SET372,33.0,SET,XXXL,Maroon
SET384-KR-NP-M,SET384,6.0,SET,M,LIGHT YELLOW
SET389-KR-NP-M,SET389,3.0,SET,M,White
SET389-KR-NP-S,SET389,32.0,SET,S,White
SET390-KR-NP-XXXL,SET390,60.0,SET,XXXL,Light Green
SET392-KR-NP-XL,SET392,4.0,SET,XL,Peach
SET394-KR-NP-M,SET394,1.0,SET,M,Maroon
SET402-KR-NP-XS,SET402,61.0,SET,XS,Sea Green
SET414-KR-NP-L,SET414,45.0,SET,L,Navy Blue
SET435-KR-NP-XS,SET435,52.0,SET,XS,Yellow
SET437-KR-PP-L,SET437,72.0,SET,L,Wine
SET438-KR-NP-XXXL,SET438,61.0,SET,XXXL,Pink
SET446-KR-NP-M,SET446,40.0,SET,M,Teal
,,,,,
